"iteration","lm_6layers_dyck_52-52 - _step","lm_6layers_dyck_52-52 - _step__MIN","lm_6layers_dyck_52-52 - _step__MAX","lm_6layers_dyck_52-52 - val_aux","lm_6layers_dyck_52-52 - val_aux__MIN","lm_6layers_dyck_52-52 - val_aux__MAX","lm_6layers_dyck_52-52 - test_aux","lm_6layers_dyck_52-52 - test_aux__MIN","lm_6layers_dyck_52-52 - test_aux__MAX","lm_6layers_dyck_62-62 - _step","lm_6layers_dyck_62-62 - _step__MIN","lm_6layers_dyck_62-62 - _step__MAX","lm_6layers_dyck_62-62 - val_aux","lm_6layers_dyck_62-62 - val_aux__MIN","lm_6layers_dyck_62-62 - val_aux__MAX","lm_6layers_dyck_62-62 - test_aux","lm_6layers_dyck_62-62 - test_aux__MIN","lm_6layers_dyck_62-62 - test_aux__MAX","lm_6layers_dyck_82-82 - _step","lm_6layers_dyck_82-82 - _step__MIN","lm_6layers_dyck_82-82 - _step__MAX","lm_6layers_dyck_82-82 - val_aux","lm_6layers_dyck_82-82 - val_aux__MIN","lm_6layers_dyck_82-82 - val_aux__MAX","lm_6layers_dyck_82-82 - test_aux","lm_6layers_dyck_82-82 - test_aux__MIN","lm_6layers_dyck_82-82 - test_aux__MAX","lm_6layers_dyck_72-72 - _step","lm_6layers_dyck_72-72 - _step__MIN","lm_6layers_dyck_72-72 - _step__MAX","lm_6layers_dyck_72-72 - val_aux","lm_6layers_dyck_72-72 - val_aux__MIN","lm_6layers_dyck_72-72 - val_aux__MAX","lm_6layers_dyck_72-72 - test_aux","lm_6layers_dyck_72-72 - test_aux__MIN","lm_6layers_dyck_72-72 - test_aux__MAX","lm_6layers_dyck_92-92 - _step","lm_6layers_dyck_92-92 - _step__MIN","lm_6layers_dyck_92-92 - _step__MAX","lm_6layers_dyck_92-92 - val_aux","lm_6layers_dyck_92-92 - val_aux__MIN","lm_6layers_dyck_92-92 - val_aux__MAX","lm_6layers_dyck_92-92 - test_aux","lm_6layers_dyck_92-92 - test_aux__MIN","lm_6layers_dyck_92-92 - test_aux__MAX","lm_6layers_dyck_42-42 - _step","lm_6layers_dyck_42-42 - _step__MIN","lm_6layers_dyck_42-42 - _step__MAX","lm_6layers_dyck_42-42 - val_aux","lm_6layers_dyck_42-42 - val_aux__MIN","lm_6layers_dyck_42-42 - val_aux__MAX","lm_6layers_dyck_42-42 - test_aux","lm_6layers_dyck_42-42 - test_aux__MIN","lm_6layers_dyck_42-42 - test_aux__MAX","lm_6layers_dyck_122-122 - _step","lm_6layers_dyck_122-122 - _step__MIN","lm_6layers_dyck_122-122 - _step__MAX","lm_6layers_dyck_122-122 - val_aux","lm_6layers_dyck_122-122 - val_aux__MIN","lm_6layers_dyck_122-122 - val_aux__MAX","lm_6layers_dyck_122-122 - test_aux","lm_6layers_dyck_122-122 - test_aux__MIN","lm_6layers_dyck_122-122 - test_aux__MAX","lm_6layers_dyck_112-112 - _step","lm_6layers_dyck_112-112 - _step__MIN","lm_6layers_dyck_112-112 - _step__MAX","lm_6layers_dyck_112-112 - val_aux","lm_6layers_dyck_112-112 - val_aux__MIN","lm_6layers_dyck_112-112 - val_aux__MAX","lm_6layers_dyck_112-112 - test_aux","lm_6layers_dyck_112-112 - test_aux__MIN","lm_6layers_dyck_112-112 - test_aux__MAX","lm_6layers_dyck_132-132 - _step","lm_6layers_dyck_132-132 - _step__MIN","lm_6layers_dyck_132-132 - _step__MAX","lm_6layers_dyck_132-132 - val_aux","lm_6layers_dyck_132-132 - val_aux__MIN","lm_6layers_dyck_132-132 - val_aux__MAX","lm_6layers_dyck_132-132 - test_aux","lm_6layers_dyck_132-132 - test_aux__MIN","lm_6layers_dyck_132-132 - test_aux__MAX","lm_6layers_dyck_102-102 - _step","lm_6layers_dyck_102-102 - _step__MIN","lm_6layers_dyck_102-102 - _step__MAX","lm_6layers_dyck_102-102 - val_aux","lm_6layers_dyck_102-102 - val_aux__MIN","lm_6layers_dyck_102-102 - val_aux__MAX","lm_6layers_dyck_102-102 - test_aux","lm_6layers_dyck_102-102 - test_aux__MIN","lm_6layers_dyck_102-102 - test_aux__MAX"
"10000","10001","10001","10001","0.9838258785942492","0.9838258785942492","0.9838258785942492","0.8410953427943234","0.8410953427943234","0.8410953427943234","10001","10001","10001","0.9786341853035144","0.9786341853035144","0.9786341853035144","0.8291025384769138","0.8291025384769138","0.8291025384769138","","","","","","","","","","10001","10001","10001","0.9838258785942492","0.9838258785942492","0.9838258785942492","0.8273036178293024","0.8273036178293024","0.8273036178293024","","","","","","","","","","10001","10001","10001","0.9756389776357828","0.9756389776357828","0.9756389776357828","0.8376973815710573","0.8376973815710573","0.8376973815710573","10001","10001","10001","0.9880191693290735","0.9880191693290735","0.9880191693290735","0.8412952228662802","0.8412952228662802","0.8412952228662802","","","","","","","","","","","","","","","","","","","10001","10001","10001","0.9836261980830671","0.9836261980830671","0.9836261980830671","0.8325004997001799","0.8325004997001799","0.8325004997001799"
"20000","20003","20003","20003","0.9968051118210862","0.9968051118210862","0.9968051118210862","0.9454327403557865","0.9454327403557865","0.9454327403557865","20003","20003","20003","0.998202875399361","0.998202875399361","0.998202875399361","0.94143513891665","0.94143513891665","0.94143513891665","20003","20003","20003","0.9960063897763578","0.9960063897763578","0.9960063897763578","0.9412352588446932","0.9412352588446932","0.9412352588446932","","","","","","","","","","20003","20003","20003","0.9980031948881789","0.9980031948881789","0.9980031948881789","0.9456326204277433","0.9456326204277433","0.9456326204277433","20003","20003","20003","0.9980031948881789","0.9980031948881789","0.9980031948881789","0.9390365780531681","0.9390365780531681","0.9390365780531681","20003","20003","20003","0.9988019169329073","0.9988019169329073","0.9988019169329073","0.9458325004997001","0.9458325004997001","0.9458325004997001","20003","20003","20003","0.9990015974440895","0.9990015974440895","0.9990015974440895","0.9366380171896862","0.9366380171896862","0.9366380171896862","","","","","","","","","","20003","20003","20003","0.9978035143769968","0.9978035143769968","0.9978035143769968","0.9452328602838297","0.9452328602838297","0.9452328602838297"
"30000","30005","30005","30005","0.9992012779552716","0.9992012779552716","0.9992012779552716","0.9754147511493104","0.9754147511493104","0.9754147511493104","30005","30005","30005","0.9986022364217252","0.9986022364217252","0.9986022364217252","0.9742154707175694","0.9742154707175694","0.9742154707175694","30005","30005","30005","0.9994009584664537","0.9994009584664537","0.9994009584664537","0.9714171497101739","0.9714171497101739","0.9714171497101739","30005","30005","30005","0.9998003194888179","0.9998003194888179","0.9998003194888179","0.9656206276234259","0.9656206276234259","0.9656206276234259","30005","30005","30005","0.9988019169329073","0.9988019169329073","0.9988019169329073","0.9718169098540875","0.9718169098540875","0.9718169098540875","30005","30005","30005","0.9992012779552716","0.9992012779552716","0.9992012779552716","0.9728163102138717","0.9728163102138717","0.9728163102138717","30005","30005","30005","0.9996006389776357","0.9996006389776357","0.9996006389776357","0.9652208674795123","0.9652208674795123","0.9652208674795123","","","","","","","","","","30005","30005","30005","0.9984025559105432","0.9984025559105432","0.9984025559105432","0.9628223066160304","0.9628223066160304","0.9628223066160304","30005","30005","30005","0.9996006389776357","0.9996006389776357","0.9996006389776357","0.9604237457525485","0.9604237457525485","0.9604237457525485"
"40000","","","","","","","","","","40007","40007","40007","0.9998003194888179","0.9998003194888179","0.9998003194888179","0.9812112732360584","0.9812112732360584","0.9812112732360584","","","","","","","","","","40007","40007","40007","1","1","1","0.981611033379972","0.981611033379972","0.981611033379972","40007","40007","40007","0.9980031948881789","0.9980031948881789","0.9980031948881789","0.977013791724965","0.977013791724965","0.977013791724965","","","","","","","","","","40007","40007","40007","0.9998003194888179","0.9998003194888179","0.9998003194888179","0.9768139116530082","0.9768139116530082","0.9768139116530082","40007","40007","40007","1","1","1","0.9790125924445333","0.9790125924445333","0.9790125924445333","40007","40007","40007","0.9996006389776357","0.9996006389776357","0.9996006389776357","0.9796122326604038","0.9796122326604038","0.9796122326604038","40007","40007","40007","1","1","1","0.9802118728762742","0.9802118728762742","0.9802118728762742"
"50000","50009","50009","50009","0.9996006389776357","0.9996006389776357","0.9996006389776357","0.981611033379972","0.981611033379972","0.981611033379972","50009","50009","50009","0.9998003194888179","0.9998003194888179","0.9998003194888179","0.9860083949630222","0.9860083949630222","0.9860083949630222","50009","50009","50009","1","1","1","0.9830101938836698","0.9830101938836698","0.9830101938836698","50009","50009","50009","0.9998003194888179","0.9998003194888179","0.9998003194888179","0.981611033379972","0.981611033379972","0.981611033379972","50009","50009","50009","0.9988019169329073","0.9988019169329073","0.9988019169329073","0.9820107935238857","0.9820107935238857","0.9820107935238857","","","","","","","","","","","","","","","","","","","","","","","","","","","","50009","50009","50009","1","1","1","0.9870077953228064","0.9870077953228064","0.9870077953228064","50009","50009","50009","1","1","1","0.9856086348191085","0.9856086348191085","0.9856086348191085"
"60000","60011","60011","60011","1","1","1","0.9844093543873675","0.9844093543873675","0.9844093543873675","","","","","","","","","","60011","60011","60011","0.9988019169329073","0.9988019169329073","0.9988019169329073","0.9880071956825904","0.9880071956825904","0.9880071956825904","60011","60011","60011","1","1","1","0.9890065960423746","0.9890065960423746","0.9890065960423746","60011","60011","60011","1","1","1","0.9860083949630222","0.9860083949630222","0.9860083949630222","60011","60011","60011","0.9992012779552716","0.9992012779552716","0.9992012779552716","0.9850089946032381","0.9850089946032381","0.9850089946032381","60011","60011","60011","1","1","1","0.9840095942434539","0.9840095942434539","0.9840095942434539","60011","60011","60011","1","1","1","0.9882070757545472","0.9882070757545472","0.9882070757545472","60011","60011","60011","1","1","1","0.9884069558265041","0.9884069558265041","0.9884069558265041","60011","60011","60011","1","1","1","0.9886068358984609","0.9886068358984609","0.9886068358984609"
"70000","70013","70013","70013","1","1","1","0.9900059964021587","0.9900059964021587","0.9900059964021587","70013","70013","70013","1","1","1","0.992004797121727","0.992004797121727","0.992004797121727","","","","","","","","","","70013","70013","70013","0.9998003194888179","0.9998003194888179","0.9998003194888179","0.9914051569058565","0.9914051569058565","0.9914051569058565","70013","70013","70013","1","1","1","0.98740755546672","0.98740755546672","0.98740755546672","","","","","","","","","","","","","","","","","","","","","","","","","","","","70013","70013","70013","0.9996006389776357","0.9996006389776357","0.9996006389776357","0.9880071956825904","0.9880071956825904","0.9880071956825904","70013","70013","70013","1","1","1","0.9894063561862882","0.9894063561862882","0.9894063561862882"
"80000","80015","80015","80015","1","1","1","0.9882070757545472","0.9882070757545472","0.9882070757545472","80015","80015","80015","1","1","1","0.990805516689986","0.990805516689986","0.990805516689986","80015","80015","80015","1","1","1","0.9916050369778133","0.9916050369778133","0.9916050369778133","80015","80015","80015","1","1","1","0.9896062362582451","0.9896062362582451","0.9896062362582451","80015","80015","80015","0.9998003194888179","0.9998003194888179","0.9998003194888179","0.9916050369778133","0.9916050369778133","0.9916050369778133","80015","80015","80015","0.9996006389776357","0.9996006389776357","0.9996006389776357","0.9906056366180291","0.9906056366180291","0.9906056366180291","80015","80015","80015","1","1","1","0.98740755546672","0.98740755546672","0.98740755546672","80015","80015","80015","1","1","1","0.990805516689986","0.990805516689986","0.990805516689986","80015","80015","80015","1","1","1","0.9914051569058565","0.9914051569058565","0.9914051569058565","80015","80015","80015","0.9996006389776357","0.9996006389776357","0.9996006389776357","0.992004797121727","0.992004797121727","0.992004797121727"
"90000","90017","90017","90017","1","1","1","0.9930041974815111","0.9930041974815111","0.9930041974815111","90017","90017","90017","1","1","1","0.9924045572656406","0.9924045572656406","0.9924045572656406","90017","90017","90017","1","1","1","0.9912052768338997","0.9912052768338997","0.9912052768338997","90017","90017","90017","1","1","1","0.9958025184889067","0.9958025184889067","0.9958025184889067","90017","90017","90017","1","1","1","0.9926044373375974","0.9926044373375974","0.9926044373375974","90017","90017","90017","1","1","1","0.9924045572656406","0.9924045572656406","0.9924045572656406","90017","90017","90017","1","1","1","0.9916050369778133","0.9916050369778133","0.9916050369778133","90017","90017","90017","1","1","1","0.9928043174095542","0.9928043174095542","0.9928043174095542","90017","90017","90017","1","1","1","0.9892064761143314","0.9892064761143314","0.9892064761143314","","","","","","","","",""
"100000","100019","100019","100019","1","1","1","0.9892064761143314","0.9892064761143314","0.9892064761143314","100019","100019","100019","1","1","1","0.995402758344993","0.995402758344993","0.995402758344993","100019","100019","100019","1","1","1","0.9944033579852088","0.9944033579852088","0.9944033579852088","100019","100019","100019","1","1","1","0.9958025184889067","0.9958025184889067","0.9958025184889067","","","","","","","","","","100019","100019","100019","1","1","1","0.9940035978412952","0.9940035978412952","0.9940035978412952","100019","100019","100019","1","1","1","0.9922046771936838","0.9922046771936838","0.9922046771936838","100019","100019","100019","0.9990015974440895","0.9990015974440895","0.9990015974440895","0.9936038376973816","0.9936038376973816","0.9936038376973816","100019","100019","100019","1","1","1","0.9938037177693384","0.9938037177693384","0.9938037177693384","100019","100019","100019","1","1","1","0.9906056366180291","0.9906056366180291","0.9906056366180291"
"110000","110021","110021","110021","1","1","1","0.9926044373375974","0.9926044373375974","0.9926044373375974","110021","110021","110021","0.9996006389776357","0.9996006389776357","0.9996006389776357","0.9940035978412952","0.9940035978412952","0.9940035978412952","","","","","","","","","","","","","","","","","","","","","","","","","","","","","","","","","","","","","110021","110021","110021","1","1","1","0.9930041974815111","0.9930041974815111","0.9930041974815111","","","","","","","","","","110021","110021","110021","1","1","1","0.992004797121727","0.992004797121727","0.992004797121727","","","","","","","","",""
"120000","120023","120023","120023","0.9998003194888179","0.9998003194888179","0.9998003194888179","0.9928043174095542","0.9928043174095542","0.9928043174095542","","","","","","","","","","120023","120023","120023","1","1","1","0.9940035978412952","0.9940035978412952","0.9940035978412952","120023","120023","120023","1","1","1","0.9950029982010794","0.9950029982010794","0.9950029982010794","","","","","","","","","","120023","120023","120023","1","1","1","0.9894063561862882","0.9894063561862882","0.9894063561862882","120023","120023","120023","1","1","1","0.9962022786328203","0.9962022786328203","0.9962022786328203","","","","","","","","","","","","","","","","","","","","","","","","","","",""
"130000","130025","130025","130025","1","1","1","0.9922046771936838","0.9922046771936838","0.9922046771936838","130025","130025","130025","0.9992012779552716","0.9992012779552716","0.9992012779552716","0.9944033579852088","0.9944033579852088","0.9944033579852088","130025","130025","130025","0.9998003194888179","0.9998003194888179","0.9998003194888179","0.9956026384169498","0.9956026384169498","0.9956026384169498","","","","","","","","","","","","","","","","","","","130025","130025","130025","1","1","1","0.9962022786328203","0.9962022786328203","0.9962022786328203","130025","130025","130025","1","1","1","0.9944033579852088","0.9944033579852088","0.9944033579852088","130025","130025","130025","1","1","1","0.9938037177693384","0.9938037177693384","0.9938037177693384","","","","","","","","","","130025","130025","130025","1","1","1","0.9946032380571657","0.9946032380571657","0.9946032380571657"
"140000","140027","140027","140027","1","1","1","0.9948031181291225","0.9948031181291225","0.9948031181291225","","","","","","","","","","140027","140027","140027","1","1","1","0.9946032380571657","0.9946032380571657","0.9946032380571657","","","","","","","","","","140027","140027","140027","1","1","1","0.9958025184889067","0.9958025184889067","0.9958025184889067","140027","140027","140027","1","1","1","0.9956026384169498","0.9956026384169498","0.9956026384169498","140027","140027","140027","1","1","1","0.9960023985608635","0.9960023985608635","0.9960023985608635","140027","140027","140027","1","1","1","0.9960023985608635","0.9960023985608635","0.9960023985608635","140027","140027","140027","1","1","1","0.9952028782730362","0.9952028782730362","0.9952028782730362","","","","","","","","",""
"150000","150029","150029","150029","1","1","1","0.9936038376973816","0.9936038376973816","0.9936038376973816","","","","","","","","","","","","","","","","","","","","","","","","","","","","","","","","","","","","","150029","150029","150029","1","1","1","0.9956026384169498","0.9956026384169498","0.9956026384169498","","","","","","","","","","150029","150029","150029","1","1","1","0.995402758344993","0.995402758344993","0.995402758344993","","","","","","","","","","150029","150029","150029","1","1","1","0.9950029982010794","0.9950029982010794","0.9950029982010794"
"160000","160031","160031","160031","1","1","1","0.9958025184889067","0.9958025184889067","0.9958025184889067","160031","160031","160031","1","1","1","0.995402758344993","0.995402758344993","0.995402758344993","160031","160031","160031","0.9998003194888179","0.9998003194888179","0.9998003194888179","0.9912052768338997","0.9912052768338997","0.9912052768338997","160031","160031","160031","1","1","1","0.995402758344993","0.995402758344993","0.995402758344993","160031","160031","160031","1","1","1","0.993204077553468","0.993204077553468","0.993204077553468","","","","","","","","","","160031","160031","160031","1","1","1","0.9904057565460723","0.9904057565460723","0.9904057565460723","","","","","","","","","","","","","","","","","","","","","","","","","","",""
"170000","170033","170033","170033","1","1","1","0.995402758344993","0.995402758344993","0.995402758344993","170033","170033","170033","1","1","1","0.9958025184889067","0.9958025184889067","0.9958025184889067","170033","170033","170033","1","1","1","0.9956026384169498","0.9956026384169498","0.9956026384169498","170033","170033","170033","1","1","1","0.9978013192084749","0.9978013192084749","0.9978013192084749","","","","","","","","","","","","","","","","","","","170033","170033","170033","1","1","1","0.9976014391365181","0.9976014391365181","0.9976014391365181","","","","","","","","","","","","","","","","","","","170033","170033","170033","1","1","1","0.9952028782730362","0.9952028782730362","0.9952028782730362"
"180000","","","","","","","","","","180035","180035","180035","1","1","1","0.9966020387767339","0.9966020387767339","0.9966020387767339","","","","","","","","","","180035","180035","180035","1","1","1","0.9958025184889067","0.9958025184889067","0.9958025184889067","180035","180035","180035","1","1","1","0.995402758344993","0.995402758344993","0.995402758344993","180035","180035","180035","1","1","1","0.9950029982010794","0.9950029982010794","0.9950029982010794","180035","180035","180035","1","1","1","0.9956026384169498","0.9956026384169498","0.9956026384169498","180035","180035","180035","1","1","1","0.9944033579852088","0.9944033579852088","0.9944033579852088","","","","","","","","","","180035","180035","180035","1","1","1","0.9950029982010794","0.9950029982010794","0.9950029982010794"
"190000","190037","190037","190037","1","1","1","0.9956026384169498","0.9956026384169498","0.9956026384169498","","","","","","","","","","","","","","","","","","","190037","190037","190037","1","1","1","0.9970017989206477","0.9970017989206477","0.9970017989206477","190037","190037","190037","1","1","1","0.9970017989206477","0.9970017989206477","0.9970017989206477","190037","190037","190037","1","1","1","0.9966020387767339","0.9966020387767339","0.9966020387767339","190037","190037","190037","1","1","1","0.9948031181291225","0.9948031181291225","0.9948031181291225","190037","190037","190037","0.9998003194888179","0.9998003194888179","0.9998003194888179","0.9974015590645613","0.9974015590645613","0.9974015590645613","","","","","","","","","","190037","190037","190037","1","1","1","0.9962022786328203","0.9962022786328203","0.9962022786328203"
"200000","200039","200039","200039","0.9998003194888179","0.9998003194888179","0.9998003194888179","0.9952028782730362","0.9952028782730362","0.9952028782730362","200039","200039","200039","0.9998003194888179","0.9998003194888179","0.9998003194888179","0.9958025184889067","0.9958025184889067","0.9958025184889067","200039","200039","200039","1","1","1","0.9960023985608635","0.9960023985608635","0.9960023985608635","200039","200039","200039","1","1","1","0.9968019188486907","0.9968019188486907","0.9968019188486907","200039","200039","200039","1","1","1","0.9962022786328203","0.9962022786328203","0.9962022786328203","200039","200039","200039","1","1","1","0.9974015590645613","0.9974015590645613","0.9974015590645613","200039","200039","200039","0.9998003194888179","0.9998003194888179","0.9998003194888179","0.9980011992804317","0.9980011992804317","0.9980011992804317","200039","200039","200039","1","1","1","0.9980011992804317","0.9980011992804317","0.9980011992804317","200039","200039","200039","1","1","1","0.9974015590645613","0.9974015590645613","0.9974015590645613","200039","200039","200039","1","1","1","0.9972016789926045","0.9972016789926045","0.9972016789926045"
"210000","210041","210041","210041","1","1","1","0.9972016789926045","0.9972016789926045","0.9972016789926045","210041","210041","210041","1","1","1","0.9962022786328203","0.9962022786328203","0.9962022786328203","210041","210041","210041","1","1","1","0.9970017989206477","0.9970017989206477","0.9970017989206477","","","","","","","","","","210041","210041","210041","1","1","1","0.9972016789926045","0.9972016789926045","0.9972016789926045","210041","210041","210041","1","1","1","0.9968019188486907","0.9968019188486907","0.9968019188486907","210041","210041","210041","0.9998003194888179","0.9998003194888179","0.9998003194888179","0.9984009594243454","0.9984009594243454","0.9984009594243454","","","","","","","","","","210041","210041","210041","1","1","1","0.9978013192084749","0.9978013192084749","0.9978013192084749","210041","210041","210041","1","1","1","0.9968019188486907","0.9968019188486907","0.9968019188486907"
"220000","220043","220043","220043","1","1","1","0.9986008394963022","0.9986008394963022","0.9986008394963022","220043","220043","220043","1","1","1","0.9966020387767339","0.9966020387767339","0.9966020387767339","220043","220043","220043","1","1","1","0.9976014391365181","0.9976014391365181","0.9976014391365181","220043","220043","220043","0.9996006389776357","0.9996006389776357","0.9996006389776357","0.9964021587047771","0.9964021587047771","0.9964021587047771","220043","220043","220043","1","1","1","0.9976014391365181","0.9976014391365181","0.9976014391365181","220043","220043","220043","1","1","1","0.9972016789926045","0.9972016789926045","0.9972016789926045","220043","220043","220043","1","1","1","0.9982010793523886","0.9982010793523886","0.9982010793523886","220043","220043","220043","1","1","1","0.9972016789926045","0.9972016789926045","0.9972016789926045","220043","220043","220043","0.9998003194888179","0.9998003194888179","0.9998003194888179","0.9976014391365181","0.9976014391365181","0.9976014391365181","220043","220043","220043","1","1","1","0.9974015590645613","0.9974015590645613","0.9974015590645613"
"230000","230045","230045","230045","1","1","1","0.9968019188486907","0.9968019188486907","0.9968019188486907","230045","230045","230045","1","1","1","0.9978013192084749","0.9978013192084749","0.9978013192084749","230045","230045","230045","0.9998003194888179","0.9998003194888179","0.9998003194888179","0.9976014391365181","0.9976014391365181","0.9976014391365181","230045","230045","230045","1","1","1","0.9978013192084749","0.9978013192084749","0.9978013192084749","230045","230045","230045","1","1","1","0.9970017989206477","0.9970017989206477","0.9970017989206477","230045","230045","230045","1","1","1","0.9982010793523886","0.9982010793523886","0.9982010793523886","230045","230045","230045","1","1","1","0.9984009594243454","0.9984009594243454","0.9984009594243454","","","","","","","","","","230045","230045","230045","1","1","1","0.995402758344993","0.995402758344993","0.995402758344993","230045","230045","230045","0.9998003194888179","0.9998003194888179","0.9998003194888179","0.9966020387767339","0.9966020387767339","0.9966020387767339"
"240000","","","","","","","","","","240047","240047","240047","1","1","1","0.9980011992804317","0.9980011992804317","0.9980011992804317","240047","240047","240047","1","1","1","0.9982010793523886","0.9982010793523886","0.9982010793523886","240047","240047","240047","1","1","1","0.998800719568259","0.998800719568259","0.998800719568259","240047","240047","240047","1","1","1","0.9972016789926045","0.9972016789926045","0.9972016789926045","240047","240047","240047","1","1","1","0.9962022786328203","0.9962022786328203","0.9962022786328203","240047","240047","240047","1","1","1","0.9964021587047771","0.9964021587047771","0.9964021587047771","","","","","","","","","","240047","240047","240047","1","1","1","0.9966020387767339","0.9966020387767339","0.9966020387767339","240047","240047","240047","1","1","1","0.9972016789926045","0.9972016789926045","0.9972016789926045"
"250000","250049","250049","250049","1","1","1","0.9966020387767339","0.9966020387767339","0.9966020387767339","250049","250049","250049","0.9998003194888179","0.9998003194888179","0.9998003194888179","0.998800719568259","0.998800719568259","0.998800719568259","250049","250049","250049","1","1","1","0.9974015590645613","0.9974015590645613","0.9974015590645613","250049","250049","250049","1","1","1","0.9982010793523886","0.9982010793523886","0.9982010793523886","","","","","","","","","","250049","250049","250049","1","1","1","0.9974015590645613","0.9974015590645613","0.9974015590645613","250049","250049","250049","1","1","1","0.9974015590645613","0.9974015590645613","0.9974015590645613","250049","250049","250049","1","1","1","0.9978013192084749","0.9978013192084749","0.9978013192084749","","","","","","","","","","250049","250049","250049","1","1","1","0.9984009594243454","0.9984009594243454","0.9984009594243454"
"260000","260051","260051","260051","1","1","1","0.9982010793523886","0.9982010793523886","0.9982010793523886","260051","260051","260051","1","1","1","0.9992004797121727","0.9992004797121727","0.9992004797121727","","","","","","","","","","","","","","","","","","","260051","260051","260051","1","1","1","0.9994003597841296","0.9994003597841296","0.9994003597841296","260051","260051","260051","1","1","1","0.9990005996402159","0.9990005996402159","0.9990005996402159","","","","","","","","","","260051","260051","260051","1","1","1","0.9976014391365181","0.9976014391365181","0.9976014391365181","260051","260051","260051","1","1","1","0.9974015590645613","0.9974015590645613","0.9974015590645613","260051","260051","260051","1","1","1","0.9982010793523886","0.9982010793523886","0.9982010793523886"
"270000","270053","270053","270053","1","1","1","0.9992004797121727","0.9992004797121727","0.9992004797121727","270053","270053","270053","1","1","1","0.9976014391365181","0.9976014391365181","0.9976014391365181","270053","270053","270053","1","1","1","0.9986008394963022","0.9986008394963022","0.9986008394963022","270053","270053","270053","1","1","1","0.998800719568259","0.998800719568259","0.998800719568259","270053","270053","270053","1","1","1","0.998800719568259","0.998800719568259","0.998800719568259","270053","270053","270053","1","1","1","0.9982010793523886","0.9982010793523886","0.9982010793523886","","","","","","","","","","270053","270053","270053","1","1","1","0.9986008394963022","0.9986008394963022","0.9986008394963022","","","","","","","","","","270053","270053","270053","1","1","1","0.9972016789926045","0.9972016789926045","0.9972016789926045"
"280000","280055","280055","280055","1","1","1","0.9978013192084749","0.9978013192084749","0.9978013192084749","280055","280055","280055","1","1","1","0.9976014391365181","0.9976014391365181","0.9976014391365181","","","","","","","","","","280055","280055","280055","1","1","1","0.9992004797121727","0.9992004797121727","0.9992004797121727","280055","280055","280055","1","1","1","0.9980011992804317","0.9980011992804317","0.9980011992804317","280055","280055","280055","1","1","1","0.9958025184889067","0.9958025184889067","0.9958025184889067","","","","","","","","","","280055","280055","280055","1","1","1","0.9978013192084749","0.9978013192084749","0.9978013192084749","","","","","","","","","","280055","280055","280055","1","1","1","0.9982010793523886","0.9982010793523886","0.9982010793523886"
"290000","","","","","","","","","","290057","290057","290057","1","1","1","0.998800719568259","0.998800719568259","0.998800719568259","","","","","","","","","","290057","290057","290057","1","1","1","0.9990005996402159","0.9990005996402159","0.9990005996402159","","","","","","","","","","290057","290057","290057","1","1","1","0.9984009594243454","0.9984009594243454","0.9984009594243454","290057","290057","290057","1","1","1","0.9986008394963022","0.9986008394963022","0.9986008394963022","","","","","","","","","","290057","290057","290057","1","1","1","0.9984009594243454","0.9984009594243454","0.9984009594243454","290057","290057","290057","1","1","1","0.9978013192084749","0.9978013192084749","0.9978013192084749"
"300000","300059","300059","300059","1","1","1","0.9972016789926045","0.9972016789926045","0.9972016789926045","300059","300059","300059","1","1","1","0.9984009594243454","0.9984009594243454","0.9984009594243454","","","","","","","","","","300059","300059","300059","1","1","1","0.9978013192084749","0.9978013192084749","0.9978013192084749","300059","300059","300059","1","1","1","0.9980011992804317","0.9980011992804317","0.9980011992804317","300059","300059","300059","1","1","1","0.9990005996402159","0.9990005996402159","0.9990005996402159","300059","300059","300059","1","1","1","0.9986008394963022","0.9986008394963022","0.9986008394963022","300059","300059","300059","1","1","1","0.9976014391365181","0.9976014391365181","0.9976014391365181","300059","300059","300059","1","1","1","0.9962022786328203","0.9962022786328203","0.9962022786328203","300059","300059","300059","1","1","1","0.9976014391365181","0.9976014391365181","0.9976014391365181"
"310000","310061","310061","310061","1","1","1","0.9970017989206477","0.9970017989206477","0.9970017989206477","310061","310061","310061","1","1","1","0.9986008394963022","0.9986008394963022","0.9986008394963022","310061","310061","310061","1","1","1","0.9978013192084749","0.9978013192084749","0.9978013192084749","310061","310061","310061","1","1","1","0.9970017989206477","0.9970017989206477","0.9970017989206477","310061","310061","310061","1","1","1","0.9974015590645613","0.9974015590645613","0.9974015590645613","310061","310061","310061","1","1","1","0.9982010793523886","0.9982010793523886","0.9982010793523886","310061","310061","310061","1","1","1","0.9992004797121727","0.9992004797121727","0.9992004797121727","310061","310061","310061","1","1","1","0.9986008394963022","0.9986008394963022","0.9986008394963022","","","","","","","","","","310061","310061","310061","1","1","1","0.998800719568259","0.998800719568259","0.998800719568259"
"320000","","","","","","","","","","320063","320063","320063","1","1","1","0.9970017989206477","0.9970017989206477","0.9970017989206477","320063","320063","320063","1","1","1","0.9986008394963022","0.9986008394963022","0.9986008394963022","320063","320063","320063","1","1","1","0.9976014391365181","0.9976014391365181","0.9976014391365181","320063","320063","320063","1","1","1","0.9982010793523886","0.9982010793523886","0.9982010793523886","","","","","","","","","","320063","320063","320063","1","1","1","0.9982010793523886","0.9982010793523886","0.9982010793523886","320063","320063","320063","1","1","1","0.9980011992804317","0.9980011992804317","0.9980011992804317","320063","320063","320063","1","1","1","0.9980011992804317","0.9980011992804317","0.9980011992804317","320063","320063","320063","1","1","1","0.9974015590645613","0.9974015590645613","0.9974015590645613"
"330000","330065","330065","330065","1","1","1","0.9982010793523886","0.9982010793523886","0.9982010793523886","330065","330065","330065","1","1","1","0.9984009594243454","0.9984009594243454","0.9984009594243454","330065","330065","330065","1","1","1","0.9990005996402159","0.9990005996402159","0.9990005996402159","330065","330065","330065","1","1","1","0.9990005996402159","0.9990005996402159","0.9990005996402159","330065","330065","330065","1","1","1","0.9978013192084749","0.9978013192084749","0.9978013192084749","330065","330065","330065","1","1","1","0.9984009594243454","0.9984009594243454","0.9984009594243454","330065","330065","330065","1","1","1","0.9974015590645613","0.9974015590645613","0.9974015590645613","","","","","","","","","","330065","330065","330065","1","1","1","0.9980011992804317","0.9980011992804317","0.9980011992804317","330065","330065","330065","1","1","1","0.9986008394963022","0.9986008394963022","0.9986008394963022"
"340000","340067","340067","340067","1","1","1","0.998800719568259","0.998800719568259","0.998800719568259","340067","340067","340067","1","1","1","0.998800719568259","0.998800719568259","0.998800719568259","340067","340067","340067","1","1","1","0.998800719568259","0.998800719568259","0.998800719568259","","","","","","","","","","340067","340067","340067","1","1","1","0.9978013192084749","0.9978013192084749","0.9978013192084749","","","","","","","","","","340067","340067","340067","1","1","1","0.998800719568259","0.998800719568259","0.998800719568259","340067","340067","340067","1","1","1","0.9976014391365181","0.9976014391365181","0.9976014391365181","340067","340067","340067","1","1","1","0.9990005996402159","0.9990005996402159","0.9990005996402159","340067","340067","340067","1","1","1","0.9990005996402159","0.9990005996402159","0.9990005996402159"
"350000","350069","350069","350069","1","1","1","0.9992004797121727","0.9992004797121727","0.9992004797121727","350069","350069","350069","1","1","1","0.9980011992804317","0.9980011992804317","0.9980011992804317","350069","350069","350069","0.9994009584664537","0.9994009584664537","0.9994009584664537","0.9992004797121727","0.9992004797121727","0.9992004797121727","350069","350069","350069","1","1","1","0.998800719568259","0.998800719568259","0.998800719568259","350069","350069","350069","1","1","1","0.9990005996402159","0.9990005996402159","0.9990005996402159","350069","350069","350069","1","1","1","0.9986008394963022","0.9986008394963022","0.9986008394963022","350069","350069","350069","0.9998003194888179","0.9998003194888179","0.9998003194888179","0.9984009594243454","0.9984009594243454","0.9984009594243454","350069","350069","350069","1","1","1","0.998800719568259","0.998800719568259","0.998800719568259","350069","350069","350069","1","1","1","0.9968019188486907","0.9968019188486907","0.9968019188486907","","","","","","","","",""
"360000","360071","360071","360071","1","1","1","0.9978013192084749","0.9978013192084749","0.9978013192084749","360071","360071","360071","1","1","1","0.9998001199280432","0.9998001199280432","0.9998001199280432","","","","","","","","","","360071","360071","360071","1","1","1","0.9976014391365181","0.9976014391365181","0.9976014391365181","360071","360071","360071","1","1","1","0.9986008394963022","0.9986008394963022","0.9986008394963022","360071","360071","360071","1","1","1","0.9990005996402159","0.9990005996402159","0.9990005996402159","360071","360071","360071","1","1","1","0.9990005996402159","0.9990005996402159","0.9990005996402159","360071","360071","360071","1","1","1","0.9996002398560864","0.9996002398560864","0.9996002398560864","360071","360071","360071","1","1","1","0.9990005996402159","0.9990005996402159","0.9990005996402159","360071","360071","360071","1","1","1","0.9982010793523886","0.9982010793523886","0.9982010793523886"
"370000","370073","370073","370073","1","1","1","0.9980011992804317","0.9980011992804317","0.9980011992804317","370073","370073","370073","1","1","1","0.9990005996402159","0.9990005996402159","0.9990005996402159","370073","370073","370073","1","1","1","0.998800719568259","0.998800719568259","0.998800719568259","370073","370073","370073","1","1","1","0.998800719568259","0.998800719568259","0.998800719568259","370073","370073","370073","1","1","1","0.9986008394963022","0.9986008394963022","0.9986008394963022","370073","370073","370073","1","1","1","0.9986008394963022","0.9986008394963022","0.9986008394963022","370073","370073","370073","1","1","1","0.9986008394963022","0.9986008394963022","0.9986008394963022","370073","370073","370073","1","1","1","0.998800719568259","0.998800719568259","0.998800719568259","","","","","","","","","","370073","370073","370073","1","1","1","0.9978013192084749","0.9978013192084749","0.9978013192084749"
"380000","","","","","","","","","","380075","380075","380075","1","1","1","0.9976014391365181","0.9976014391365181","0.9976014391365181","","","","","","","","","","380075","380075","380075","1","1","1","0.9992004797121727","0.9992004797121727","0.9992004797121727","380075","380075","380075","1","1","1","0.9990005996402159","0.9990005996402159","0.9990005996402159","","","","","","","","","","380075","380075","380075","1","1","1","0.9980011992804317","0.9980011992804317","0.9980011992804317","380075","380075","380075","1","1","1","0.9992004797121727","0.9992004797121727","0.9992004797121727","380075","380075","380075","1","1","1","0.9986008394963022","0.9986008394963022","0.9986008394963022","380075","380075","380075","1","1","1","0.9982010793523886","0.9982010793523886","0.9982010793523886"
"390000","390077","390077","390077","1","1","1","0.9992004797121727","0.9992004797121727","0.9992004797121727","390077","390077","390077","1","1","1","0.9982010793523886","0.9982010793523886","0.9982010793523886","","","","","","","","","","","","","","","","","","","390077","390077","390077","1","1","1","0.9984009594243454","0.9984009594243454","0.9984009594243454","390077","390077","390077","1","1","1","0.9994003597841296","0.9994003597841296","0.9994003597841296","","","","","","","","","","390077","390077","390077","1","1","1","0.998800719568259","0.998800719568259","0.998800719568259","390077","390077","390077","1","1","1","0.9986008394963022","0.9986008394963022","0.9986008394963022","390077","390077","390077","1","1","1","0.9990005996402159","0.9990005996402159","0.9990005996402159"
"400000","400079","400079","400079","1","1","1","0.9992004797121727","0.9992004797121727","0.9992004797121727","","","","","","","","","","400079","400079","400079","1","1","1","0.9990005996402159","0.9990005996402159","0.9990005996402159","400079","400079","400079","1","1","1","0.9992004797121727","0.9992004797121727","0.9992004797121727","400079","400079","400079","1","1","1","0.9986008394963022","0.9986008394963022","0.9986008394963022","","","","","","","","","","400079","400079","400079","0.9998003194888179","0.9998003194888179","0.9998003194888179","0.9994003597841296","0.9994003597841296","0.9994003597841296","400079","400079","400079","1","1","1","0.9984009594243454","0.9984009594243454","0.9984009594243454","400079","400079","400079","1","1","1","0.998800719568259","0.998800719568259","0.998800719568259","400079","400079","400079","1","1","1","0.9996002398560864","0.9996002398560864","0.9996002398560864"
"410000","410081","410081","410081","1","1","1","0.9994003597841296","0.9994003597841296","0.9994003597841296","410081","410081","410081","1","1","1","0.9998001199280432","0.9998001199280432","0.9998001199280432","410081","410081","410081","1","1","1","0.9986008394963022","0.9986008394963022","0.9986008394963022","","","","","","","","","","410081","410081","410081","1","1","1","0.9990005996402159","0.9990005996402159","0.9990005996402159","410081","410081","410081","1","1","1","0.9996002398560864","0.9996002398560864","0.9996002398560864","410081","410081","410081","1","1","1","0.9994003597841296","0.9994003597841296","0.9994003597841296","410081","410081","410081","1","1","1","0.9992004797121727","0.9992004797121727","0.9992004797121727","","","","","","","","","","410081","410081","410081","1","1","1","0.9996002398560864","0.9996002398560864","0.9996002398560864"
"420000","420083","420083","420083","1","1","1","0.9990005996402159","0.9990005996402159","0.9990005996402159","420083","420083","420083","1","1","1","0.9982010793523886","0.9982010793523886","0.9982010793523886","420083","420083","420083","1","1","1","0.9990005996402159","0.9990005996402159","0.9990005996402159","420083","420083","420083","1","1","1","0.9990005996402159","0.9990005996402159","0.9990005996402159","420083","420083","420083","1","1","1","0.9992004797121727","0.9992004797121727","0.9992004797121727","","","","","","","","","","420083","420083","420083","1","1","1","0.9984009594243454","0.9984009594243454","0.9984009594243454","420083","420083","420083","1","1","1","0.9982010793523886","0.9982010793523886","0.9982010793523886","420083","420083","420083","1","1","1","0.9984009594243454","0.9984009594243454","0.9984009594243454","420083","420083","420083","1","1","1","0.998800719568259","0.998800719568259","0.998800719568259"
"430000","430085","430085","430085","1","1","1","0.9992004797121727","0.9992004797121727","0.9992004797121727","430085","430085","430085","1","1","1","0.9994003597841296","0.9994003597841296","0.9994003597841296","430085","430085","430085","1","1","1","0.9984009594243454","0.9984009594243454","0.9984009594243454","","","","","","","","","","430085","430085","430085","1","1","1","0.9992004797121727","0.9992004797121727","0.9992004797121727","","","","","","","","","","430085","430085","430085","1","1","1","0.998800719568259","0.998800719568259","0.998800719568259","430085","430085","430085","1","1","1","0.9996002398560864","0.9996002398560864","0.9996002398560864","430085","430085","430085","1","1","1","0.998800719568259","0.998800719568259","0.998800719568259","430085","430085","430085","1","1","1","0.9986008394963022","0.9986008394963022","0.9986008394963022"
"440000","440087","440087","440087","1","1","1","0.9990005996402159","0.9990005996402159","0.9990005996402159","","","","","","","","","","440087","440087","440087","1","1","1","0.998800719568259","0.998800719568259","0.998800719568259","440087","440087","440087","1","1","1","0.9996002398560864","0.9996002398560864","0.9996002398560864","","","","","","","","","","","","","","","","","","","","","","","","","","","","440087","440087","440087","1","1","1","0.9998001199280432","0.9998001199280432","0.9998001199280432","440087","440087","440087","1","1","1","0.9990005996402159","0.9990005996402159","0.9990005996402159","440087","440087","440087","1","1","1","0.9992004797121727","0.9992004797121727","0.9992004797121727"
"450000","450089","450089","450089","1","1","1","0.9980011992804317","0.9980011992804317","0.9980011992804317","450089","450089","450089","1","1","1","0.9992004797121727","0.9992004797121727","0.9992004797121727","","","","","","","","","","450089","450089","450089","1","1","1","0.9992004797121727","0.9992004797121727","0.9992004797121727","450089","450089","450089","1","1","1","0.9996002398560864","0.9996002398560864","0.9996002398560864","450089","450089","450089","1","1","1","0.9994003597841296","0.9994003597841296","0.9994003597841296","","","","","","","","","","","","","","","","","","","450089","450089","450089","1","1","1","0.9984009594243454","0.9984009594243454","0.9984009594243454","450089","450089","450089","1","1","1","0.9992004797121727","0.9992004797121727","0.9992004797121727"
"460000","460091","460091","460091","1","1","1","0.9994003597841296","0.9994003597841296","0.9994003597841296","460091","460091","460091","1","1","1","0.9990005996402159","0.9990005996402159","0.9990005996402159","","","","","","","","","","460091","460091","460091","1","1","1","0.9992004797121727","0.9992004797121727","0.9992004797121727","460091","460091","460091","1","1","1","0.9992004797121727","0.9992004797121727","0.9992004797121727","","","","","","","","","","460091","460091","460091","1","1","1","0.9994003597841296","0.9994003597841296","0.9994003597841296","460091","460091","460091","1","1","1","0.9996002398560864","0.9996002398560864","0.9996002398560864","460091","460091","460091","1","1","1","0.9992004797121727","0.9992004797121727","0.9992004797121727","460091","460091","460091","1","1","1","0.9984009594243454","0.9984009594243454","0.9984009594243454"
"470000","470093","470093","470093","1","1","1","0.9980011992804317","0.9980011992804317","0.9980011992804317","470093","470093","470093","1","1","1","0.9992004797121727","0.9992004797121727","0.9992004797121727","470093","470093","470093","1","1","1","0.998800719568259","0.998800719568259","0.998800719568259","470093","470093","470093","1","1","1","0.9982010793523886","0.9982010793523886","0.9982010793523886","470093","470093","470093","1","1","1","0.9990005996402159","0.9990005996402159","0.9990005996402159","470093","470093","470093","1","1","1","0.998800719568259","0.998800719568259","0.998800719568259","470093","470093","470093","1","1","1","0.9990005996402159","0.9990005996402159","0.9990005996402159","470093","470093","470093","1","1","1","0.9994003597841296","0.9994003597841296","0.9994003597841296","470093","470093","470093","1","1","1","0.9992004797121727","0.9992004797121727","0.9992004797121727","470093","470093","470093","1","1","1","0.9994003597841296","0.9994003597841296","0.9994003597841296"
"480000","480095","480095","480095","1","1","1","0.9976014391365181","0.9976014391365181","0.9976014391365181","480095","480095","480095","1","1","1","0.9994003597841296","0.9994003597841296","0.9994003597841296","480095","480095","480095","1","1","1","0.9996002398560864","0.9996002398560864","0.9996002398560864","480095","480095","480095","0.9998003194888179","0.9998003194888179","0.9998003194888179","1","1","1","480095","480095","480095","1","1","1","1","1","1","480095","480095","480095","1","1","1","0.9990005996402159","0.9990005996402159","0.9990005996402159","480095","480095","480095","1","1","1","0.9992004797121727","0.9992004797121727","0.9992004797121727","480095","480095","480095","1","1","1","0.9994003597841296","0.9994003597841296","0.9994003597841296","480095","480095","480095","1","1","1","0.9996002398560864","0.9996002398560864","0.9996002398560864","","","","","","","","",""
"490000","","","","","","","","","","490097","490097","490097","1","1","1","0.9994003597841296","0.9994003597841296","0.9994003597841296","490097","490097","490097","1","1","1","0.9986008394963022","0.9986008394963022","0.9986008394963022","490097","490097","490097","1","1","1","0.9996002398560864","0.9996002398560864","0.9996002398560864","490097","490097","490097","1","1","1","0.9992004797121727","0.9992004797121727","0.9992004797121727","490097","490097","490097","1","1","1","0.9996002398560864","0.9996002398560864","0.9996002398560864","490097","490097","490097","1","1","1","0.9992004797121727","0.9992004797121727","0.9992004797121727","490097","490097","490097","1","1","1","0.9994003597841296","0.9994003597841296","0.9994003597841296","","","","","","","","","","490097","490097","490097","1","1","1","0.9994003597841296","0.9994003597841296","0.9994003597841296"
"500000","500099","500099","500099","1","1","1","0.9998001199280432","0.9998001199280432","0.9998001199280432","500099","500099","500099","1","1","1","0.9992004797121727","0.9992004797121727","0.9992004797121727","500099","500099","500099","1","1","1","0.9994003597841296","0.9994003597841296","0.9994003597841296","","","","","","","","","","","","","","","","","","","500099","500099","500099","1","1","1","0.9990005996402159","0.9990005996402159","0.9990005996402159","500099","500099","500099","1","1","1","0.9998001199280432","0.9998001199280432","0.9998001199280432","","","","","","","","","","","","","","","","","","","","","","","","","","",""
"510000","510101","510101","510101","1","1","1","0.998800719568259","0.998800719568259","0.998800719568259","510101","510101","510101","1","1","1","0.9984009594243454","0.9984009594243454","0.9984009594243454","510101","510101","510101","1","1","1","0.998800719568259","0.998800719568259","0.998800719568259","","","","","","","","","","510101","510101","510101","1","1","1","0.9990005996402159","0.9990005996402159","0.9990005996402159","","","","","","","","","","510101","510101","510101","1","1","1","0.9986008394963022","0.9986008394963022","0.9986008394963022","","","","","","","","","","","","","","","","","","","","","","","","","","",""
"520000","520103","520103","520103","1","1","1","0.9994003597841296","0.9994003597841296","0.9994003597841296","520103","520103","520103","1","1","1","0.9990005996402159","0.9990005996402159","0.9990005996402159","","","","","","","","","","520103","520103","520103","1","1","1","0.9998001199280432","0.9998001199280432","0.9998001199280432","520103","520103","520103","1","1","1","0.9992004797121727","0.9992004797121727","0.9992004797121727","","","","","","","","","","520103","520103","520103","1","1","1","0.9992004797121727","0.9992004797121727","0.9992004797121727","520103","520103","520103","1","1","1","0.9990005996402159","0.9990005996402159","0.9990005996402159","520103","520103","520103","1","1","1","0.9996002398560864","0.9996002398560864","0.9996002398560864","520103","520103","520103","1","1","1","0.9998001199280432","0.9998001199280432","0.9998001199280432"
"530000","530105","530105","530105","1","1","1","0.9998001199280432","0.9998001199280432","0.9998001199280432","530105","530105","530105","1","1","1","1","1","1","530105","530105","530105","1","1","1","0.9994003597841296","0.9994003597841296","0.9994003597841296","530105","530105","530105","1","1","1","0.9994003597841296","0.9994003597841296","0.9994003597841296","530105","530105","530105","1","1","1","0.9996002398560864","0.9996002398560864","0.9996002398560864","530105","530105","530105","1","1","1","0.9998001199280432","0.9998001199280432","0.9998001199280432","530105","530105","530105","1","1","1","0.9992004797121727","0.9992004797121727","0.9992004797121727","530105","530105","530105","1","1","1","0.9990005996402159","0.9990005996402159","0.9990005996402159","","","","","","","","","","530105","530105","530105","1","1","1","0.998800719568259","0.998800719568259","0.998800719568259"
"540000","540107","540107","540107","1","1","1","0.9998001199280432","0.9998001199280432","0.9998001199280432","540107","540107","540107","1","1","1","0.9996002398560864","0.9996002398560864","0.9996002398560864","540107","540107","540107","1","1","1","0.9994003597841296","0.9994003597841296","0.9994003597841296","540107","540107","540107","1","1","1","0.9998001199280432","0.9998001199280432","0.9998001199280432","540107","540107","540107","1","1","1","0.9990005996402159","0.9990005996402159","0.9990005996402159","540107","540107","540107","1","1","1","0.9996002398560864","0.9996002398560864","0.9996002398560864","540107","540107","540107","1","1","1","0.9992004797121727","0.9992004797121727","0.9992004797121727","540107","540107","540107","1","1","1","0.9992004797121727","0.9992004797121727","0.9992004797121727","540107","540107","540107","1","1","1","0.9992004797121727","0.9992004797121727","0.9992004797121727","540107","540107","540107","1","1","1","0.9994003597841296","0.9994003597841296","0.9994003597841296"
"550000","550109","550109","550109","1","1","1","0.9994003597841296","0.9994003597841296","0.9994003597841296","550109","550109","550109","1","1","1","1","1","1","550109","550109","550109","1","1","1","1","1","1","550109","550109","550109","1","1","1","0.9996002398560864","0.9996002398560864","0.9996002398560864","550109","550109","550109","1","1","1","0.9996002398560864","0.9996002398560864","0.9996002398560864","550109","550109","550109","1","1","1","0.9994003597841296","0.9994003597841296","0.9994003597841296","","","","","","","","","","","","","","","","","","","550109","550109","550109","1","1","1","0.9996002398560864","0.9996002398560864","0.9996002398560864","550109","550109","550109","1","1","1","0.9994003597841296","0.9994003597841296","0.9994003597841296"
"560000","","","","","","","","","","560111","560111","560111","1","1","1","0.9992004797121727","0.9992004797121727","0.9992004797121727","560111","560111","560111","1","1","1","0.998800719568259","0.998800719568259","0.998800719568259","","","","","","","","","","560111","560111","560111","1","1","1","0.9994003597841296","0.9994003597841296","0.9994003597841296","560111","560111","560111","1","1","1","1","1","1","560111","560111","560111","1","1","1","0.9994003597841296","0.9994003597841296","0.9994003597841296","560111","560111","560111","1","1","1","0.9992004797121727","0.9992004797121727","0.9992004797121727","","","","","","","","","","","","","","","","","",""
"570000","570113","570113","570113","1","1","1","1","1","1","570113","570113","570113","1","1","1","0.9994003597841296","0.9994003597841296","0.9994003597841296","570113","570113","570113","1","1","1","0.9996002398560864","0.9996002398560864","0.9996002398560864","570113","570113","570113","1","1","1","0.9994003597841296","0.9994003597841296","0.9994003597841296","","","","","","","","","","570113","570113","570113","1","1","1","0.9998001199280432","0.9998001199280432","0.9998001199280432","570113","570113","570113","1","1","1","1","1","1","570113","570113","570113","1","1","1","0.9998001199280432","0.9998001199280432","0.9998001199280432","570113","570113","570113","1","1","1","0.9992004797121727","0.9992004797121727","0.9992004797121727","570113","570113","570113","1","1","1","0.9998001199280432","0.9998001199280432","0.9998001199280432"
"580000","580115","580115","580115","1","1","1","0.9998001199280432","0.9998001199280432","0.9998001199280432","","","","","","","","","","580115","580115","580115","1","1","1","0.9994003597841296","0.9994003597841296","0.9994003597841296","580115","580115","580115","1","1","1","0.9998001199280432","0.9998001199280432","0.9998001199280432","","","","","","","","","","580115","580115","580115","1","1","1","1","1","1","580115","580115","580115","1","1","1","0.9994003597841296","0.9994003597841296","0.9994003597841296","","","","","","","","","","580115","580115","580115","1","1","1","0.9998001199280432","0.9998001199280432","0.9998001199280432","580115","580115","580115","1","1","1","0.9998001199280432","0.9998001199280432","0.9998001199280432"
"590000","590117","590117","590117","1","1","1","0.9994003597841296","0.9994003597841296","0.9994003597841296","","","","","","","","","","590117","590117","590117","1","1","1","0.998800719568259","0.998800719568259","0.998800719568259","590117","590117","590117","1","1","1","1","1","1","590117","590117","590117","1","1","1","0.9998001199280432","0.9998001199280432","0.9998001199280432","590117","590117","590117","1","1","1","0.9998001199280432","0.9998001199280432","0.9998001199280432","590117","590117","590117","1","1","1","1","1","1","590117","590117","590117","1","1","1","0.9998001199280432","0.9998001199280432","0.9998001199280432","590117","590117","590117","1","1","1","0.9990005996402159","0.9990005996402159","0.9990005996402159","","","","","","","","",""
"600000","600119","600119","600119","1","1","1","0.9998001199280432","0.9998001199280432","0.9998001199280432","600119","600119","600119","1","1","1","0.9996002398560864","0.9996002398560864","0.9996002398560864","600119","600119","600119","1","1","1","0.9992004797121727","0.9992004797121727","0.9992004797121727","600119","600119","600119","1","1","1","0.9994003597841296","0.9994003597841296","0.9994003597841296","600119","600119","600119","1","1","1","0.9998001199280432","0.9998001199280432","0.9998001199280432","","","","","","","","","","600119","600119","600119","1","1","1","0.9996002398560864","0.9996002398560864","0.9996002398560864","600119","600119","600119","1","1","1","0.9996002398560864","0.9996002398560864","0.9996002398560864","600119","600119","600119","1","1","1","0.9998001199280432","0.9998001199280432","0.9998001199280432","","","","","","","","",""
"610000","610121","610121","610121","1","1","1","0.9994003597841296","0.9994003597841296","0.9994003597841296","610121","610121","610121","1","1","1","0.9994003597841296","0.9994003597841296","0.9994003597841296","","","","","","","","","","610121","610121","610121","1","1","1","0.9996002398560864","0.9996002398560864","0.9996002398560864","610121","610121","610121","1","1","1","1","1","1","","","","","","","","","","610121","610121","610121","1","1","1","0.9996002398560864","0.9996002398560864","0.9996002398560864","610121","610121","610121","1","1","1","1","1","1","610121","610121","610121","1","1","1","0.9998001199280432","0.9998001199280432","0.9998001199280432","610121","610121","610121","1","1","1","0.9996002398560864","0.9996002398560864","0.9996002398560864"
"620000","620123","620123","620123","1","1","1","1","1","1","620123","620123","620123","1","1","1","0.9998001199280432","0.9998001199280432","0.9998001199280432","620123","620123","620123","1","1","1","0.9994003597841296","0.9994003597841296","0.9994003597841296","620123","620123","620123","1","1","1","1","1","1","620123","620123","620123","1","1","1","0.9994003597841296","0.9994003597841296","0.9994003597841296","620123","620123","620123","1","1","1","0.9990005996402159","0.9990005996402159","0.9990005996402159","620123","620123","620123","1","1","1","0.9992004797121727","0.9992004797121727","0.9992004797121727","620123","620123","620123","1","1","1","1","1","1","620123","620123","620123","1","1","1","0.9990005996402159","0.9990005996402159","0.9990005996402159","620123","620123","620123","1","1","1","0.9994003597841296","0.9994003597841296","0.9994003597841296"
"630000","","","","","","","","","","630125","630125","630125","1","1","1","0.9996002398560864","0.9996002398560864","0.9996002398560864","630125","630125","630125","1","1","1","0.9992004797121727","0.9992004797121727","0.9992004797121727","630125","630125","630125","1","1","1","0.9992004797121727","0.9992004797121727","0.9992004797121727","630125","630125","630125","1","1","1","0.9998001199280432","0.9998001199280432","0.9998001199280432","630125","630125","630125","1","1","1","0.9998001199280432","0.9998001199280432","0.9998001199280432","630125","630125","630125","1","1","1","1","1","1","630125","630125","630125","1","1","1","1","1","1","630125","630125","630125","1","1","1","1","1","1","630125","630125","630125","1","1","1","1","1","1"
"640000","","","","","","","","","","640127","640127","640127","1","1","1","1","1","1","640127","640127","640127","1","1","1","1","1","1","640127","640127","640127","1","1","1","1","1","1","640127","640127","640127","1","1","1","1","1","1","640127","640127","640127","1","1","1","0.9994003597841296","0.9994003597841296","0.9994003597841296","640127","640127","640127","1","1","1","0.9994003597841296","0.9994003597841296","0.9994003597841296","","","","","","","","","","640127","640127","640127","1","1","1","0.9998001199280432","0.9998001199280432","0.9998001199280432","","","","","","","","",""
"650000","650129","650129","650129","1","1","1","0.9994003597841296","0.9994003597841296","0.9994003597841296","","","","","","","","","","650129","650129","650129","1","1","1","1","1","1","650129","650129","650129","1","1","1","0.9998001199280432","0.9998001199280432","0.9998001199280432","650129","650129","650129","1","1","1","0.9998001199280432","0.9998001199280432","0.9998001199280432","650129","650129","650129","1","1","1","0.9996002398560864","0.9996002398560864","0.9996002398560864","650129","650129","650129","1","1","1","0.9994003597841296","0.9994003597841296","0.9994003597841296","","","","","","","","","","","","","","","","","","","650129","650129","650129","1","1","1","1","1","1"
"660000","660131","660131","660131","1","1","1","0.9998001199280432","0.9998001199280432","0.9998001199280432","","","","","","","","","","","","","","","","","","","660131","660131","660131","1","1","1","0.9998001199280432","0.9998001199280432","0.9998001199280432","660131","660131","660131","1","1","1","0.9998001199280432","0.9998001199280432","0.9998001199280432","660131","660131","660131","1","1","1","0.9996002398560864","0.9996002398560864","0.9996002398560864","660131","660131","660131","1","1","1","0.9996002398560864","0.9996002398560864","0.9996002398560864","660131","660131","660131","1","1","1","0.9996002398560864","0.9996002398560864","0.9996002398560864","660131","660131","660131","1","1","1","1","1","1","660131","660131","660131","1","1","1","0.9994003597841296","0.9994003597841296","0.9994003597841296"
"670000","670133","670133","670133","1","1","1","0.9994003597841296","0.9994003597841296","0.9994003597841296","","","","","","","","","","","","","","","","","","","670133","670133","670133","1","1","1","0.9998001199280432","0.9998001199280432","0.9998001199280432","670133","670133","670133","1","1","1","0.9998001199280432","0.9998001199280432","0.9998001199280432","670133","670133","670133","1","1","1","1","1","1","","","","","","","","","","670133","670133","670133","1","1","1","0.9998001199280432","0.9998001199280432","0.9998001199280432","","","","","","","","","","670133","670133","670133","1","1","1","1","1","1"
"680000","680135","680135","680135","1","1","1","1","1","1","680135","680135","680135","1","1","1","1","1","1","680135","680135","680135","1","1","1","1","1","1","680135","680135","680135","1","1","1","1","1","1","","","","","","","","","","680135","680135","680135","1","1","1","1","1","1","680135","680135","680135","1","1","1","0.9994003597841296","0.9994003597841296","0.9994003597841296","680135","680135","680135","1","1","1","0.9996002398560864","0.9996002398560864","0.9996002398560864","","","","","","","","","","680135","680135","680135","1","1","1","0.9996002398560864","0.9996002398560864","0.9996002398560864"
"690000","690137","690137","690137","1","1","1","0.9998001199280432","0.9998001199280432","0.9998001199280432","690137","690137","690137","1","1","1","1","1","1","690137","690137","690137","1","1","1","1","1","1","690137","690137","690137","1","1","1","0.9998001199280432","0.9998001199280432","0.9998001199280432","690137","690137","690137","1","1","1","1","1","1","690137","690137","690137","1","1","1","1","1","1","","","","","","","","","","690137","690137","690137","1","1","1","1","1","1","690137","690137","690137","1","1","1","0.9998001199280432","0.9998001199280432","0.9998001199280432","","","","","","","","",""
"700000","700139","700139","700139","1","1","1","0.9996002398560864","0.9996002398560864","0.9996002398560864","","","","","","","","","","700139","700139","700139","1","1","1","0.9996002398560864","0.9996002398560864","0.9996002398560864","700139","700139","700139","1","1","1","0.9998001199280432","0.9998001199280432","0.9998001199280432","700139","700139","700139","1","1","1","0.9998001199280432","0.9998001199280432","0.9998001199280432","700139","700139","700139","1","1","1","1","1","1","","","","","","","","","","","","","","","","","","","","","","","","","","","","700139","700139","700139","1","1","1","1","1","1"
"710000","710141","710141","710141","1","1","1","0.9998001199280432","0.9998001199280432","0.9998001199280432","710141","710141","710141","1","1","1","0.9994003597841296","0.9994003597841296","0.9994003597841296","710141","710141","710141","1","1","1","0.9998001199280432","0.9998001199280432","0.9998001199280432","710141","710141","710141","1","1","1","0.9994003597841296","0.9994003597841296","0.9994003597841296","710141","710141","710141","1","1","1","0.9998001199280432","0.9998001199280432","0.9998001199280432","","","","","","","","","","710141","710141","710141","1","1","1","1","1","1","710141","710141","710141","1","1","1","0.9998001199280432","0.9998001199280432","0.9998001199280432","710141","710141","710141","1","1","1","1","1","1","","","","","","","","",""
"720000","720143","720143","720143","1","1","1","0.9998001199280432","0.9998001199280432","0.9998001199280432","720143","720143","720143","1","1","1","0.9996002398560864","0.9996002398560864","0.9996002398560864","720143","720143","720143","1","1","1","0.9998001199280432","0.9998001199280432","0.9998001199280432","720143","720143","720143","1","1","1","1","1","1","720143","720143","720143","1","1","1","1","1","1","720143","720143","720143","1","1","1","1","1","1","720143","720143","720143","1","1","1","0.9996002398560864","0.9996002398560864","0.9996002398560864","720143","720143","720143","1","1","1","0.9998001199280432","0.9998001199280432","0.9998001199280432","720143","720143","720143","1","1","1","0.9998001199280432","0.9998001199280432","0.9998001199280432","","","","","","","","",""
"730000","730145","730145","730145","1","1","1","1","1","1","730145","730145","730145","1","1","1","0.9998001199280432","0.9998001199280432","0.9998001199280432","","","","","","","","","","730145","730145","730145","1","1","1","0.9998001199280432","0.9998001199280432","0.9998001199280432","730145","730145","730145","1","1","1","0.9996002398560864","0.9996002398560864","0.9996002398560864","730145","730145","730145","1","1","1","1","1","1","","","","","","","","","","","","","","","","","","","730145","730145","730145","1","1","1","1","1","1","730145","730145","730145","1","1","1","0.9998001199280432","0.9998001199280432","0.9998001199280432"
"740000","740147","740147","740147","1","1","1","0.9996002398560864","0.9996002398560864","0.9996002398560864","740147","740147","740147","1","1","1","1","1","1","740147","740147","740147","1","1","1","1","1","1","740147","740147","740147","1","1","1","0.9998001199280432","0.9998001199280432","0.9998001199280432","740147","740147","740147","1","1","1","0.9998001199280432","0.9998001199280432","0.9998001199280432","740147","740147","740147","1","1","1","1","1","1","740147","740147","740147","1","1","1","0.9998001199280432","0.9998001199280432","0.9998001199280432","740147","740147","740147","1","1","1","1","1","1","740147","740147","740147","1","1","1","1","1","1","740147","740147","740147","1","1","1","0.9998001199280432","0.9998001199280432","0.9998001199280432"
"750000","750149","750149","750149","1","1","1","0.9998001199280432","0.9998001199280432","0.9998001199280432","750149","750149","750149","1","1","1","0.9996002398560864","0.9996002398560864","0.9996002398560864","750149","750149","750149","1","1","1","0.9998001199280432","0.9998001199280432","0.9998001199280432","","","","","","","","","","750149","750149","750149","1","1","1","1","1","1","750149","750149","750149","1","1","1","0.9998001199280432","0.9998001199280432","0.9998001199280432","750149","750149","750149","1","1","1","0.9998001199280432","0.9998001199280432","0.9998001199280432","750149","750149","750149","1","1","1","0.9998001199280432","0.9998001199280432","0.9998001199280432","750149","750149","750149","1","1","1","0.9998001199280432","0.9998001199280432","0.9998001199280432","","","","","","","","",""
"760000","760151","760151","760151","1","1","1","0.9998001199280432","0.9998001199280432","0.9998001199280432","760151","760151","760151","1","1","1","1","1","1","760151","760151","760151","1","1","1","1","1","1","","","","","","","","","","760151","760151","760151","1","1","1","1","1","1","760151","760151","760151","1","1","1","1","1","1","760151","760151","760151","1","1","1","0.9998001199280432","0.9998001199280432","0.9998001199280432","760151","760151","760151","1","1","1","0.9998001199280432","0.9998001199280432","0.9998001199280432","760151","760151","760151","1","1","1","1","1","1","","","","","","","","",""
"770000","770153","770153","770153","1","1","1","0.9998001199280432","0.9998001199280432","0.9998001199280432","770153","770153","770153","1","1","1","1","1","1","770153","770153","770153","1","1","1","1","1","1","770153","770153","770153","1","1","1","1","1","1","770153","770153","770153","1","1","1","1","1","1","770153","770153","770153","1","1","1","0.9998001199280432","0.9998001199280432","0.9998001199280432","770153","770153","770153","1","1","1","0.9998001199280432","0.9998001199280432","0.9998001199280432","770153","770153","770153","1","1","1","1","1","1","","","","","","","","","","","","","","","","","",""
"780000","780155","780155","780155","1","1","1","0.9998001199280432","0.9998001199280432","0.9998001199280432","780155","780155","780155","1","1","1","0.9998001199280432","0.9998001199280432","0.9998001199280432","","","","","","","","","","780155","780155","780155","1","1","1","1","1","1","780155","780155","780155","1","1","1","1","1","1","","","","","","","","","","780155","780155","780155","1","1","1","1","1","1","780155","780155","780155","1","1","1","1","1","1","","","","","","","","","","780155","780155","780155","1","1","1","1","1","1"
"790000","790157","790157","790157","1","1","1","0.9998001199280432","0.9998001199280432","0.9998001199280432","790157","790157","790157","1","1","1","1","1","1","790157","790157","790157","1","1","1","1","1","1","790157","790157","790157","1","1","1","1","1","1","","","","","","","","","","790157","790157","790157","1","1","1","1","1","1","790157","790157","790157","1","1","1","0.9992004797121727","0.9992004797121727","0.9992004797121727","790157","790157","790157","1","1","1","1","1","1","790157","790157","790157","1","1","1","1","1","1","790157","790157","790157","1","1","1","0.9998001199280432","0.9998001199280432","0.9998001199280432"
"800000","","","","","","","","","","","","","","","","","","","","","","","","","","","","800159","800159","800159","1","1","1","1","1","1","","","","","","","","","","800159","800159","800159","1","1","1","1","1","1","800159","800159","800159","1","1","1","0.9992004797121727","0.9992004797121727","0.9992004797121727","800159","800159","800159","1","1","1","1","1","1","","","","","","","","","","800159","800159","800159","1","1","1","1","1","1"
"810000","810161","810161","810161","1","1","1","1","1","1","","","","","","","","","","810161","810161","810161","1","1","1","0.9998001199280432","0.9998001199280432","0.9998001199280432","810161","810161","810161","1","1","1","1","1","1","810161","810161","810161","1","1","1","1","1","1","810161","810161","810161","1","1","1","1","1","1","810161","810161","810161","1","1","1","1","1","1","","","","","","","","","","810161","810161","810161","1","1","1","0.9996002398560864","0.9996002398560864","0.9996002398560864","810161","810161","810161","1","1","1","0.9998001199280432","0.9998001199280432","0.9998001199280432"
"820000","820163","820163","820163","1","1","1","1","1","1","820163","820163","820163","1","1","1","1","1","1","820163","820163","820163","1","1","1","0.9994003597841296","0.9994003597841296","0.9994003597841296","","","","","","","","","","820163","820163","820163","1","1","1","1","1","1","820163","820163","820163","1","1","1","1","1","1","820163","820163","820163","1","1","1","0.9998001199280432","0.9998001199280432","0.9998001199280432","","","","","","","","","","","","","","","","","","","","","","","","","","",""
"830000","830165","830165","830165","1","1","1","1","1","1","830165","830165","830165","1","1","1","1","1","1","830165","830165","830165","1","1","1","1","1","1","830165","830165","830165","1","1","1","1","1","1","830165","830165","830165","1","1","1","0.9998001199280432","0.9998001199280432","0.9998001199280432","830165","830165","830165","1","1","1","1","1","1","830165","830165","830165","1","1","1","0.9996002398560864","0.9996002398560864","0.9996002398560864","830165","830165","830165","1","1","1","0.9996002398560864","0.9996002398560864","0.9996002398560864","","","","","","","","","","","","","","","","","",""
"840000","","","","","","","","","","","","","","","","","","","840167","840167","840167","1","1","1","0.9998001199280432","0.9998001199280432","0.9998001199280432","840167","840167","840167","1","1","1","1","1","1","","","","","","","","","","840167","840167","840167","1","1","1","1","1","1","840167","840167","840167","1","1","1","0.9998001199280432","0.9998001199280432","0.9998001199280432","840167","840167","840167","1","1","1","0.9998001199280432","0.9998001199280432","0.9998001199280432","840167","840167","840167","1","1","1","1","1","1","840167","840167","840167","1","1","1","1","1","1"
"850000","","","","","","","","","","850169","850169","850169","1","1","1","1","1","1","850169","850169","850169","1","1","1","1","1","1","","","","","","","","","","850169","850169","850169","1","1","1","0.9998001199280432","0.9998001199280432","0.9998001199280432","850169","850169","850169","1","1","1","1","1","1","850169","850169","850169","1","1","1","1","1","1","850169","850169","850169","1","1","1","1","1","1","850169","850169","850169","1","1","1","1","1","1","850169","850169","850169","1","1","1","1","1","1"
"860000","860171","860171","860171","1","1","1","1","1","1","","","","","","","","","","860171","860171","860171","1","1","1","1","1","1","860171","860171","860171","1","1","1","1","1","1","860171","860171","860171","1","1","1","1","1","1","860171","860171","860171","1","1","1","1","1","1","860171","860171","860171","1","1","1","1","1","1","860171","860171","860171","1","1","1","0.9998001199280432","0.9998001199280432","0.9998001199280432","","","","","","","","","","860171","860171","860171","1","1","1","1","1","1"
"870000","870173","870173","870173","1","1","1","1","1","1","870173","870173","870173","1","1","1","1","1","1","870173","870173","870173","1","1","1","1","1","1","","","","","","","","","","870173","870173","870173","1","1","1","1","1","1","870173","870173","870173","1","1","1","1","1","1","870173","870173","870173","1","1","1","1","1","1","870173","870173","870173","1","1","1","1","1","1","870173","870173","870173","1","1","1","1","1","1","870173","870173","870173","1","1","1","1","1","1"
"880000","880175","880175","880175","1","1","1","1","1","1","880175","880175","880175","1","1","1","1","1","1","880175","880175","880175","1","1","1","1","1","1","880175","880175","880175","1","1","1","1","1","1","880175","880175","880175","1","1","1","1","1","1","880175","880175","880175","1","1","1","1","1","1","880175","880175","880175","1","1","1","0.9998001199280432","0.9998001199280432","0.9998001199280432","880175","880175","880175","1","1","1","1","1","1","880175","880175","880175","1","1","1","1","1","1","880175","880175","880175","1","1","1","1","1","1"
"890000","890177","890177","890177","1","1","1","1","1","1","","","","","","","","","","890177","890177","890177","1","1","1","1","1","1","890177","890177","890177","1","1","1","1","1","1","890177","890177","890177","1","1","1","1","1","1","890177","890177","890177","1","1","1","1","1","1","890177","890177","890177","1","1","1","0.9998001199280432","0.9998001199280432","0.9998001199280432","890177","890177","890177","1","1","1","1","1","1","890177","890177","890177","1","1","1","0.9998001199280432","0.9998001199280432","0.9998001199280432","890177","890177","890177","1","1","1","1","1","1"
"900000","900179","900179","900179","1","1","1","1","1","1","900179","900179","900179","1","1","1","1","1","1","","","","","","","","","","","","","","","","","","","900179","900179","900179","1","1","1","1","1","1","900179","900179","900179","1","1","1","1","1","1","900179","900179","900179","1","1","1","0.9998001199280432","0.9998001199280432","0.9998001199280432","","","","","","","","","","900179","900179","900179","1","1","1","1","1","1","900179","900179","900179","1","1","1","0.9998001199280432","0.9998001199280432","0.9998001199280432"
"910000","910181","910181","910181","1","1","1","1","1","1","910181","910181","910181","1","1","1","1","1","1","","","","","","","","","","910181","910181","910181","1","1","1","1","1","1","","","","","","","","","","910181","910181","910181","1","1","1","1","1","1","910181","910181","910181","1","1","1","1","1","1","","","","","","","","","","910181","910181","910181","1","1","1","0.9996002398560864","0.9996002398560864","0.9996002398560864","910181","910181","910181","1","1","1","1","1","1"
"920000","920183","920183","920183","1","1","1","1","1","1","920183","920183","920183","1","1","1","1","1","1","920183","920183","920183","1","1","1","1","1","1","920183","920183","920183","1","1","1","1","1","1","","","","","","","","","","920183","920183","920183","1","1","1","1","1","1","920183","920183","920183","1","1","1","0.9998001199280432","0.9998001199280432","0.9998001199280432","","","","","","","","","","920183","920183","920183","1","1","1","1","1","1","","","","","","","","",""
"930000","930185","930185","930185","1","1","1","1","1","1","","","","","","","","","","930185","930185","930185","1","1","1","1","1","1","930185","930185","930185","1","1","1","1","1","1","930185","930185","930185","1","1","1","1","1","1","930185","930185","930185","1","1","1","1","1","1","930185","930185","930185","1","1","1","1","1","1","930185","930185","930185","1","1","1","1","1","1","930185","930185","930185","1","1","1","1","1","1","930185","930185","930185","1","1","1","1","1","1"
"940000","940187","940187","940187","1","1","1","1","1","1","940187","940187","940187","1","1","1","1","1","1","940187","940187","940187","1","1","1","1","1","1","","","","","","","","","","940187","940187","940187","1","1","1","1","1","1","940187","940187","940187","1","1","1","1","1","1","940187","940187","940187","1","1","1","1","1","1","940187","940187","940187","1","1","1","1","1","1","940187","940187","940187","1","1","1","1","1","1","940187","940187","940187","1","1","1","1","1","1"
"950000","950189","950189","950189","1","1","1","1","1","1","950189","950189","950189","1","1","1","1","1","1","","","","","","","","","","950189","950189","950189","1","1","1","1","1","1","950189","950189","950189","1","1","1","1","1","1","950189","950189","950189","1","1","1","1","1","1","950189","950189","950189","1","1","1","1","1","1","950189","950189","950189","1","1","1","1","1","1","","","","","","","","","","950189","950189","950189","1","1","1","1","1","1"
"960000","960191","960191","960191","1","1","1","1","1","1","","","","","","","","","","960191","960191","960191","1","1","1","1","1","1","","","","","","","","","","960191","960191","960191","1","1","1","1","1","1","960191","960191","960191","1","1","1","1","1","1","960191","960191","960191","1","1","1","1","1","1","960191","960191","960191","1","1","1","1","1","1","960191","960191","960191","1","1","1","1","1","1","960191","960191","960191","1","1","1","1","1","1"
"970000","970193","970193","970193","1","1","1","1","1","1","","","","","","","","","","970193","970193","970193","1","1","1","1","1","1","970193","970193","970193","1","1","1","1","1","1","","","","","","","","","","970193","970193","970193","1","1","1","1","1","1","970193","970193","970193","1","1","1","1","1","1","970193","970193","970193","1","1","1","1","1","1","","","","","","","","","","970193","970193","970193","1","1","1","1","1","1"
"980000","980195","980195","980195","1","1","1","1","1","1","980195","980195","980195","1","1","1","1","1","1","980195","980195","980195","1","1","1","1","1","1","980195","980195","980195","1","1","1","1","1","1","980195","980195","980195","1","1","1","1","1","1","980195","980195","980195","1","1","1","1","1","1","980195","980195","980195","1","1","1","1","1","1","980195","980195","980195","1","1","1","1","1","1","","","","","","","","","","980195","980195","980195","1","1","1","1","1","1"
"990000","990197","990197","990197","1","1","1","1","1","1","990197","990197","990197","1","1","1","1","1","1","","","","","","","","","","990197","990197","990197","1","1","1","1","1","1","","","","","","","","","","990197","990197","990197","1","1","1","1","1","1","990197","990197","990197","1","1","1","1","1","1","990197","990197","990197","1","1","1","1","1","1","990197","990197","990197","1","1","1","1","1","1","990197","990197","990197","1","1","1","1","1","1"
"1000000","1000199","1000199","1000199","1","1","1","1","1","1","1000199","1000199","1000199","1","1","1","1","1","1","1000199","1000199","1000199","1","1","1","1","1","1","","","","","","","","","","1000199","1000199","1000199","1","1","1","1","1","1","","","","","","","","","","1000199","1000199","1000199","1","1","1","1","1","1","1000199","1000199","1000199","1","1","1","1","1","1","1000199","1000199","1000199","1","1","1","1","1","1","1000199","1000199","1000199","1","1","1","1","1","1"